{
    "levels": {
        "1": {
            "news": {
                "create": true,
                "edit": true,
                "delete": true
            },
            "msg": {
                "email": true,
                "message": true
            },
            "fractions": {
                "orgControl": true,
                "rankControl": true
            },
            "user": {
                "view": true,
                "edit": true,
                "delete": true
            }
        }
    },
    "modules": {
        "news": {
            "name": "\u041d\u043e\u0432\u043e\u0441\u0442\u0438",
            "value": {
                "create": "\u0414\u043e\u0431\u0430\u0432\u043b\u0435\u043d\u0438\u0435 \u043d\u043e\u0432\u043e\u0441\u0442\u0435\u0439",
                "edit": "\u0420\u0435\u0434\u0430\u043a\u0442\u0438\u0440\u043e\u0432\u0430\u043d\u0438\u0435 \u043d\u043e\u0432\u043e\u0441\u0442\u0435\u0439",
                "delete": "\u0423\u0434\u0430\u043b\u0435\u043d\u0438\u0435 \u043d\u043e\u0432\u043e\u0441\u0442\u0435\u0439"
            }
        },
        "msg": {
            "name": "\u041c\u0430\u0441\u0441\u043e\u0432\u0430\u044f \u0440\u0430\u0441\u0441\u044b\u043b\u043a\u0430",
            "value": {
                "email": "\u042d\u043b\u0435\u043a\u0442\u0440\u043e\u043d\u043d\u0430\u044f \u043f\u043e\u0447\u0442\u0430",
                "message": "\u041b\u0438\u0447\u043d\u044b\u0435 \u0441\u043e\u043e\u0431\u0449\u0435\u043d\u0438\u044f"
            }
        },
        "fractions": {
            "name": "\u041e\u0440\u0433\u0430\u043d\u0438\u0437\u0430\u0446\u0438\u0438",
            "value": {
                "orgControl": "\u0423\u043f\u0440\u0430\u0432\u043b\u0435\u043d\u0438\u0435 \u0441\u043f\u0438\u0441\u043a\u043e\u043c \u043e\u0440\u0433\u0430\u043d\u0438\u0437\u0430\u0446\u0438\u0439",
                "rankControl": "\u0423\u043f\u0440\u0430\u0432\u043b\u0435\u043d\u0438\u0435 \u0440\u0430\u043d\u0433\u0430\u043c\u0438 \u043e\u0440\u0433\u0430\u043d\u0438\u0437\u0430\u0446\u0438\u0439"
            }
        },
        "user": {
            "name": "\u041f\u043e\u043b\u044c\u0437\u043e\u0432\u0430\u0442\u0435\u043b\u0438",
            "value": {
                "view": "\u041f\u0440\u043e\u0441\u043c\u043e\u0442\u0440 \u0441\u0442\u0430\u0442\u0438\u0441\u0442\u0438\u043a\u0438",
                "edit": "\u0420\u0435\u0434\u0430\u043a\u0442\u0438\u0440\u043e\u0432\u0430\u043d\u0438\u0435 \u0441\u0442\u0430\u0442\u0438\u0441\u0442\u0438\u043a\u0438",
                "delete": "\u0423\u0434\u0430\u043b\u0435\u043d\u0438\u0435 \u043f\u043e\u043b\u044c\u0437\u043e\u0432\u0430\u0442\u0435\u043b\u0435\u0439"
            }
        }
    }
}