{
    "account": {
        "type": "account",
        "name": "accounts",
        "title": "\u041f\u043e\u043b\u044c\u0437\u043e\u0432\u0430\u0442\u0435\u043b\u0438",
        "value": {
            "id": {
                "0": "account",
                "1": "id",
                "3": "\u0423\u043d\u0438\u043a\u0430\u043b\u044c\u043d\u044b\u0439 \u0438\u0434\u0435\u043d\u0442\u0438\u0444\u0438\u043a\u0430\u0442\u043e\u0440",
                "2": "id",
                "4": false,
                "": ""
            },
            "Name": {
                "0": "account",
                "1": "Name",
                "3": "\u0418\u043c\u044f \u043f\u0435\u0440\u0441\u043e\u043d\u0430\u0436\u0430",
                "2": "name",
                "4": false,
                "": ""
            },
            "Admin": {
                "0": "account",
                "1": "Admin",
                "3": "\u0423\u0440\u043e\u0432\u0435\u043d\u044c \u0430\u0434\u043c\u0438\u043d\u0438\u0441\u0442\u0440\u0430\u0442\u043e\u0440\u0430",
                "2": "admin",
                "4": false,
                "": ""
            },
            "Level": {
                "0": "account",
                "1": "Level",
                "3": "\u0423\u0440\u043e\u0432\u0435\u043d\u044c \u043f\u0435\u0440\u0441\u043e\u043d\u0430\u0436\u0430",
                "2": "level",
                "4": true,
                "": ""
            },
            "Money": {
                "0": "account",
                "1": "Money",
                "3": "\u041d\u0430\u043b\u0438\u0447\u043a\u0430",
                "2": "money",
                "4": true,
                "": ""
            },
            "Password": ["account", "Password", "pass", "\u041f\u0430\u0440\u043e\u043b\u044c \u043f\u043e\u043b\u044c\u0437\u043e\u0432\u0430\u0442\u0435\u043b\u044f", false, false],
            "Email": {
                "0": "account",
                "1": "Email",
                "3": "\u042d\u043b\u0435\u043a\u0442\u0440\u043e\u043d\u043d\u0430\u044f \u043f\u043e\u0447\u0442\u0430",
                "2": "mail",
                "5": false,
                "": "",
                "4": false
            },
            "Skin": ["account", "Skin", "skin", "\u0421\u043a\u0438\u043d", true, false],
            "Online": {
                "0": "account",
                "1": "Online",
                "3": "\u0421\u0442\u0430\u0442\u0443\u0441 \u043d\u0430 \u0441\u0435\u0440\u0435\u0440\u0435",
                "2": "online",
                "4": true,
                "5": true,
                "": ""
            },
            "Member": {
                "0": "account",
                "1": "Member",
                "3": "\u041e\u0440\u0433\u0430\u043d\u0438\u0437\u0430\u0446\u0438\u044f",
                "2": "member",
                "4": true,
                "5": true,
                "": ""
            },
            "Rank": {
                "0": "account",
                "1": "Rank",
                "3": "\u0414\u043e\u043b\u0436\u043d\u043e\u0441\u0442\u044c",
                "2": "rank",
                "4": true,
                "5": true,
                "": ""
            },
            "Leader": {
                "0": "account",
                "1": "Leader",
                "3": "\u041b\u0438\u0434\u0435\u0440",
                "2": "leader",
                "4": true,
                "5": true,
                "": ""
            }
        }
    }
}